state,year,population,median_income,median_monthly_rent_cost,median_monthly_home_cost,prop_male,prop_white,prop_black,prop_native,prop_asian,prop_hawaiin_islander,prop_other_race,prop_multi_racial,prop_highschool,prop_ged,prop_some_college,prop_college_no_degree,prop_associates,prop_bachelors,prop_masters,prop_professional,prop_doctoral,prop_poverty,republican,democrat,winner,majority_female
Alabama,2008,4661900,42666,631,742,0.48455007614920953,0.7028359681674854,0.26183380166884745,0.00514082241146313,0.00976833479911624,2.417469272185161e-4,0.00717711662626825,0.01300220939960102,0.26042269300720905,0.05599384635174479,0.05957806060680871,0.1546490676137949,0.06831511070817305,0.14279264017951607,0.05542473783489941,0.01338379515471663,0.00833393156859885,0.15695140822184195,0.603169130291706,0.38740434294574916,Republican,TRUE
Alaska,2008,686293,68460,949,1393,0.5210005056149487,0.69112900758131,0.03625710884418171,0.12725905699169304,0.04637377912932231,0.00548453794516336,0.0124626070789007,0.08103390242942883,0.21830967684237035,0.04658967618339331,0.08116478897437285,0.21686228086071815,0.08030576534298578,0.17587155596244772,0.06465035384713146,0.01743700297245711,0.01512587638061572,0.08420040520586518,0.5942451953880631,0.37889373599389325,Republican,FALSE
Arizona,2008,6500180,50958,866,1177,0.5013236556526127,0.8005912143971398,0.03626945715349421,0.04411400915051583,0.02375564984354279,0.00143688328630899,0.06808688374783467,0.02574590242116372,0.21063472872218247,0.0393591294265753,0.07719126344916348,0.1816943256688595,0.07837908555348336,0.15909279013449343,0.06474226764780454,0.01623786209194554,0.01092796335974289,0.14718370420672222,0.5363524782262724,0.4511525087476428,Republican,FALSE
Arkansas,2008,2855390,38815,606,660,0.489796490146705,0.7871509671183271,0.15501770336101198,0.00524166576194495,0.01031943097090064,6.710116656568805e-4,0.02181138128241676,0.01978783983974168,0.29580086436773756,0.05826953450796502,0.06878793088902582,0.15348828020294594,0.05581120175308386,0.1251352243201941,0.0433444004583477,0.01218807633860063,0.00725272237392501,0.17322446643154377,0.5871590449992959,0.3886465976512423,Republican,TRUE
California,2008,36756666,61021,1135,1919,0.5001411988780484,0.6247026865820746,0.06150179670811275,0.00855300641249671,0.12375281806026694,0.0035960824085623,0.1422402673844249,0.03565334244406171,0.18642537663722888,0.02197354388784042,0.05841287808016125,0.16353103362920743,0.07605150456833669,0.1883724215712059,0.07033001202457821,0.02292417919460657,0.01427551023704212,0.13278281422639623,0.36954858832464477,0.6101263834713425,Democrat,FALSE
Colorado,2008,4939456,56993,848,1364,0.503667205457443,0.8473945308957099,0.03797098303942782,0.00968426482592415,0.0255378325062517,0.00110619469026548,0.04750644605397841,0.030799747988442448,0.190171944691829,0.03873613020552088,0.0632045224279549,0.16437901506147976,0.07616212681112562,0.22938646520131928,0.09185216421812148,0.02118371107064424,0.01352548217513436,0.11434179467039585,0.4470752210933716,0.5366023684069159,Democrat,FALSE
Connecticut,2008,3501252,68595,970,1722,0.4881959367677619,0.8013544869092541,0.09458016732300333,0.00231945601173523,0.03464332187457515,2.878970151248753e-4,0.04564709995167443,0.02116757091463282,0.24766052944677047,0.03223002668423904,0.05493891047604869,0.12090341523577422,0.0745910975558692,0.2038542209018503,0.10854508934292652,0.02838113501700491,0.01530970677789822,0.09284491390331984,0.3822146330562694,0.6058882967612181,Democrat,TRUE
Delaware,2008,873092,57989,917,1209,0.4840944596903877,0.7272784540460799,0.20577900152561243,0.00303748058623833,0.02895456607092952,1.5462288052118218e-4,0.01785493395884969,0.01694094093176893,0.2789961001081107,0.03427229804867904,0.06962054687862554,0.14221972427472152,0.07212995285410555,0.16648705507458608,0.07670704060253243,0.01797662814900371,0.01379485778027572,0.10001269345769788,0.36947033548975294,0.6194266898150393,Democrat,TRUE
Florida,2008,18328340,47778,947,1152,0.490863056883493,0.7756022640348226,0.15360741889336404,0.0025930335207662,0.02293677441601367,4.124759798214132e-4,0.02624231108763805,0.018605722067574042,0.2571230069549677,0.04233928311011565,0.06482607226224332,0.14616763358807475,0.08359898867758601,0.16807597076148093,0.06075714371657522,0.01952696707532601,0.00979730400116162,0.1322738443192096,0.4821531916597622,0.5103330527066491,Democrat,TRUE
Georgia,2008,9685744,50861,787,1106,0.49223652824191927,0.6193449878501848,0.29982570259961444,0.00234922583128358,0.02863208030276249,3.3544144879319544e-4,0.03563701456491107,0.01387554740245044,0.2456730768454317,0.04779233934298696,0.05442862100970773,0.15143257991001427,0.06476879121028199,0.17765777097100377,0.06857006549393552,0.01821694928721868,0.01050700184160813,0.14661630105374077,0.5220451799292952,0.46990179096065066,Republican,TRUE
Hawaii,2008,1288198,67214,1298,1645,0.5042198481910389,0.2707239104547593,0.02380534669359834,0.00239869957879145,0.3846101298092374,0.09019576183164388,0.01425091484383611,0.2140152367881335,0.2631041205159866,0.0241946014299361,0.05812179426971774,0.16888571736197178,0.09737631235925712,0.19206433567074355,0.06369423833337533,0.02461840498667882,0.01075659243613738,0.09133017399623354,0.2643620193657031,0.7145291011787819,Democrat,FALSE
Idaho,2008,1523816,47576,690,946,0.5028973314363414,0.927039091333862,0.00522241530473495,0.0108103603059687,0.01214647962746158,9.76495849892638e-4,0.01818723520425038,0.02561792237382991,0.23344440250969076,0.04398527047568607,0.08406817617878941,0.19174028996144551,0.08549754890206243,0.16590836584435162,0.04999676801207721,0.01486818702158759,0.00918301600772341,0.126125394047416,0.6151709147303861,0.3609098763283785,Republican,FALSE
Illinois,2008,12901564,56235,811,1293,0.49247316061835605,0.7270693692640675,0.14576659077922646,0.0018621773298183,0.04280450029159255,1.9230226660891655e-4,0.0650790090255724,0.01722605104311384,0.23855916548148767,0.03494070888179509,0.06791364533892545,0.14605265399671902,0.07252318441242109,0.18646061530180155,0.08077291184210354,0.02076609922238675,0.01077556754853038,0.12191436289350462,0.36780922542147204,0.6191811452001323,Democrat,TRUE
Indiana,2008,6376792,47966,670,916,0.4917968157029428,0.8574157664229913,0.08585555244706115,0.00245844619049829,0.01329979086663011,2.324052595725249e-4,0.02132561325506618,0.01941242555818035,0.3030540381383725,0.04802389991908881,0.06806114778978413,0.1393166116885542,0.07502477605794965,0.14772084205083522,0.05814378252605675,0.01403545729182126,0.00903811443426804,0.1307514631506254,0.4891390717884854,0.4994591163968428,Democrat,TRUE
Iowa,2008,3002557,48980,607,823,0.4930674088784992,0.9269192891259016,0.0253853632087584,0.00329152785442541,0.01574691171558108,5.322130437490446e-4,0.01321173919429339,0.01491295585729097,0.2949802548877742,0.04273644620315841,0.08172293787868376,0.14376543534233618,0.09669749356313384,0.1693820406381491,0.04896413948092788,0.01482348637647886,0.00947088353819476,0.11549711635682965,0.4439325935530208,0.5392802007386527,Democrat,TRUE
Kansas,2008,2802134,50177,654,887,0.4958178302679315,0.8624741000965692,0.05624142171644896,0.00731692345904942,0.02141189536260578,6.973256810702129e-4,0.02481430224250517,0.02704403144175118,0.2380702482770074,0.04129314401173573,0.08540341553876388,0.15973483904896343,0.07445708433668244,0.19557142461734345,0.07227711810456974,0.0181222840377536,0.01016524121896537,0.11318269693725952,0.5661225434349189,0.41651967194013617,Republican,TRUE
Kentucky,2008,4269245,41538,578,728,0.4887941544699356,0.8906223465741601,0.07421171659157533,0.0017637779045241,0.01023881271747112,6.375834603073846e-4,0.0080684055377473,0.01445735721421469,0.27484178129444514,0.06954696298750888,0.06817240426297685,0.1368321172659752,0.06703279796666947,0.1173408118981302,0.05642652324010189,0.01590993420635854,0.00708686139059814,0.17342756911725915,0.5739902114287592,0.4116811378392879,Republican,TRUE
Louisiana,2008,4410796,43733,698,709,0.485085231781293,0.6404240867181343,0.3185506652314004,0.00631745381105814,0.01463454668953177,2.561895857346384e-4,0.00840324512854369,0.01141381283559702,0.29619360537007594,0.05384525702172761,0.05665006182653241,0.15407631160572338,0.04869987634693517,0.13777495142201024,0.04309203320968027,0.01383677795442501,0.00803426956368133,0.17347585266144497,0.5856272131075638,0.3993291380234511,Republican,TRUE
Maine,2008,1316456,46581,702,973,0.4866315319311849,0.9580867115953744,0.0093675747613289,0.00538567183407573,0.00817345965227854,2.453557126102202e-4,0.00266548976950236,0.01607573667482999,0.3018445090103964,0.0481039076280915,0.06264093888179334,0.14057273684731972,0.0904151868308432,0.16487506919062583,0.0635627626282315,0.0145822609235037,0.01060851136233919,0.12319627048084336,0.40384018337908234,0.5770573729797597,Democrat,TRUE
Maryland,2008,5633597,70545,1074,1658,0.48424319311445246,0.6122928210874864,0.28852099289317285,0.00283815118475815,0.05075123406945864,2.8347785615477996e-4,0.0240143198031382,0.02129900310583096,0.2302557996897211,0.03348553301289889,0.06137295068276054,0.14130410671883414,0.06169498863513367,0.1975749606806359,0.10301633307009068,0.02986133660449062,0.02136835395846111,0.08060123880141605,0.364745196451127,0.6191934476264593,Democrat,TRUE
Massachusetts,2008,6497967,65401,991,1697,0.4851064956162443,0.8253953890501444,0.06263466711973145,0.0022051512419192,0.04958750944718556,8.633469514388115e-5,0.039491736415405,0.02059921203047045,0.23721767096179633,0.0293015322900994,0.04955493804240043,0.11470063054707366,0.07538028712163708,0.21738628221887263,0.11339910826168784,0.0287310362359357,0.02140553947348375,0.09992257104935362,0.3573495928933176,0.6136319910280229,Democrat,TRUE
Michigan,2008,10003422,48591,706,1045,0.49167604845621826,0.7962118363096149,0.13884028885315444,0.00541504697092654,0.02316017458825589,2.812037720691979e-4,0.01440447079009562,0.02168697871588342,0.27058505970637475,0.04086730253684197,0.08045317820418578,0.16103430295085766,0.08062065540012867,0.15324585893772988,0.067442463284774,0.01691383886702129,0.00986772620888359,0.14435443562985636,0.40959705661952706,0.5743324730745946,Democrat,TRUE
Minnesota,2008,5220393,57288,734,1225,0.4973426330163266,0.8813667859871852,0.04417272799193471,0.01049576152600005,0.03520347989126489,8.869064072379225e-5,0.01065015603231404,0.01802239793057725,0.24400834140380837,0.03112401486915703,0.07115685039379192,0.1577632954505669,0.09660901159804663,0.2154581015754281,0.06728302237289038,0.02107110129504721,0.01139318631035242,0.09643730203195462,0.43822931044139074,0.5406029269827984,Democrat,TRUE
Mississippi,2008,2938618,37790,638,653,0.4858886047795256,0.5973392935046338,0.37483402061785503,0.00413663837899311,0.00764440971912647,2.327624754221202e-4,0.00704378724965272,0.00876908805431669,0.24441114313573045,0.05626387952252295,0.05863172069568355,0.16739992783722138,0.07838896596751815,0.12583599290399344,0.04763065543561835,0.01255922287560082,0.00783159441082098,0.21192577171420415,0.5617618898101739,0.43001554426238403,Republican,TRUE
Missouri,2008,5911605,46867,657,886,0.48812310700731865,0.841640468197723,0.11134015212450764,0.00351207497794592,0.01415943724250859,7.143576067751482e-4,0.00857838099805382,0.02005512885248591,0.27332003864296095,0.04675359034528655,0.07420459777688057,0.15326408142908474,0.06718823938308142,0.1588036208750644,0.06531176253221205,0.01623785799707803,0.00970926100572315,0.13384434373244375,0.49426074411878823,0.49292647865705136,Republican,TRUE
Montana,2008,967440,43654,631,758,0.4974530720251385,0.8962354254527413,0.0053801786157281,0.06050090961713388,0.00669085421318117,7.483668237823534e-4,0.00639212767716861,0.02405213760026461,0.2586286417688735,0.05037352859965725,0.07496332586224716,0.17777585815939792,0.07638092975687862,0.18753711762101696,0.05578171059593353,0.0183625209594047,0.00954684494436791,0.14817144178331357,0.495324509445858,0.4726846477008176,Republican,TRUE
Nebraska,2008,1783432,49693,626,917,0.495141390308125,0.8891328629294529,0.03991068905346545,0.00764873569611849,0.014970573590694791,4.945520771187239e-4,0.02608790242633305,0.02175468422681661,0.2600039782257287,0.03610022696733251,0.08165178016915277,0.16262691452113193,0.0896091002347848,0.18509259798118077,0.05783801672418301,0.01890786411840172,0.00952515793469282,0.10810490043282024,0.5653185336979162,0.415982657769247,Republican,TRUE
Nevada,2008,2600167,56361,1011,1543,0.5093311314234816,0.7726103746413211,0.07392448254285205,0.01327491657266629,0.06025805265584864,0.00431856876885215,0.04342644145549113,0.03218716336296861,0.24965879786916784,0.03488272821364457,0.07450486220345821,0.1873383894791624,0.07033266476817551,0.14895885108149673,0.04839982925274687,0.01411062316899884,0.00711934180442422,0.1130728708025841,0.42654115108984053,0.551466759243187,Democrat,FALSE
New Hampshire,2008,1315809,63731,914,1534,0.492028858291743,0.948245528036364,0.00983425405966975,0.00175785391344792,0.01992842426218395,1.9987703382481805e-4,0.00621974769894414,0.01381431499556546,0.24912300905338128,0.04157734351469624,0.05940727813900749,0.13296710841025458,0.09268531970306326,0.21312319508176392,0.08978969934269972,0.01857404815477561,0.01168878337437769,0.07605936134185379,0.44521428470962204,0.5412689705613458,Democrat,TRUE
New Jersey,2008,8682661,70378,1068,1905,0.4897073604509032,0.7076311052567871,0.13624832295076358,0.00238544381728136,0.07638856336784311,1.542153954876276e-4,0.05842298806782851,0.01876936114400873,0.26836493790067006,0.02623476078947615,0.05261088313457739,0.11966025480889332,0.06279727064769682,0.21588467352557256,0.0906628902043604,0.02422671051319019,0.01327212781540124,0.08718803671466364,0.4170393385927491,0.5727213715188599,Democrat,TRUE
New Mexico,2008,1984356,43508,668,794,0.4935586154903656,0.7344851427868789,0.0227746432595764,0.09215332329481202,0.01353839734402496,3.7291695643322065e-4,0.10476799525891524,0.03190758109935918,0.21702731992441343,0.04458276767305292,0.06170789629148555,0.1795423335589454,0.07425949037758069,0.13974906201462436,0.07515776542345295,0.01590134623886448,0.01639743193492983,0.17140424471059448,0.4177903483433274,0.5690748026279335,Democrat,TRUE
New York,2008,19490297,56033,953,1345,0.4854712065188129,0.6717621593965448,0.1591166619985319,0.00372364772070943,0.06987861703697999,3.0312519096040456e-4,0.07526144932527196,0.01995433933100147,0.23829613112996417,0.03821816500544967,0.04658889025564199,0.11795298532535556,0.0806898900457332,0.18118273203336752,0.09742422629025062,0.02731820704840693,0.01331283815664581,0.1361228625037234,0.313172371111752,0.6015696154075767,Democrat,TRUE
North Carolina,2008,9222414,46549,694,937,0.48914167158403427,0.703940421672677,0.2122529957991476,0.01043793956766634,0.01853213269324062,4.5497849044729506e-4,0.03738630688234121,0.0169952248944799,0.23209595559145255,0.04412343485916505,0.06547960130247982,0.15224717208558636,0.0817173802835186,0.17424126770758783,0.06103792490610593,0.01465232284606466,0.01070922376245108,0.1455069051932816,0.49374798618648613,0.49703666399047425,Democrat,TRUE
North Dakota,2008,641481,45685,534,721,0.5034677566443901,0.9099755097968608,0.00953262840208829,0.05301170260693613,0.00840866681943814,4.177832235093479e-4,0.00561045455750053,0.01304325459366684,0.237571408450368,0.03331399665308324,0.0637967213584376,0.17074049936379934,0.12196432024407187,0.20322612218394673,0.04648919891237142,0.01206274633378929,0.00712831200330394,0.11963042644602316,0.5325010027761898,0.44620540014717913,Republican,FALSE
Ohio,2008,11485910,47988,667,998,0.4875558836870566,0.8410089405192971,0.11719828903412964,0.00184939634735079,0.01524537455020978,1.403458672408194e-4,0.00634577495383474,0.0182118787279371,0.31709460043951776,0.03699707305642296,0.07061758600807978,0.13662497167063592,0.07403067908666,0.153859923967053,0.06222896284583516,0.01591715574098069,0.00898815535751494,0.1335605896574802,0.4691057836327485,0.5150427006052537,Democrat,TRUE
Oklahoma,2008,3642361,42822,614,733,0.4927921751852713,0.7581129382837122,0.07165709274835745,0.06452078747823184,0.01696893855386657,9.285186174571932e-4,0.0219061207826462,0.06590560353572861,0.26877911289126244,0.05261152436052303,0.07264246508572277,0.17126666242821115,0.06829889588234048,0.14983660754021236,0.04975861995888698,0.01384110030304956,0.00825905440057643,0.15938638910510916,0.656450811226935,0.343549188773065,Republican,TRUE
Oregon,2008,3790060,50169,780,1258,0.49728289261911424,0.8670187279357056,0.01731977857870324,0.01687440304375128,0.0342638375118072,0.00261710896397418,0.02694944143364485,0.03495670253241374,0.21212258603284953,0.04412151649548256,0.08215015762113188,0.1850295769708454,0.0820288658835018,0.1803360129894538,0.06879140339965628,0.0189699502626373,0.01290923851652067,0.136182535638123,0.40400981692292204,0.5674880625692065,Democrat,TRUE
Pennsylvania,2008,12448279,50713,726,980,0.4865107056164149,0.83771451459274,0.10347269690854456,0.00141168108459008,0.0238791241745144,2.593129540236044e-4,0.01842399258564175,0.01483867769994551,0.3360766280306187,0.03726662271165307,0.05593196821080283,0.10885732853887022,0.07385315407113255,0.16308210699002706,0.06876898745677455,0.01825828179946225,0.01249449579084335,0.12141270557888847,0.4416705247991443,0.5448552801203738,Democrat,TRUE
Rhode Island,2008,1050788,55701,850,1579,0.48235609847086186,0.8321240821174205,0.05440583638183915,0.00479640041568803,0.02873272249016928,3.930383673966585e-4,0.06069064359318911,0.01885727663429731,0.23539603750850097,0.04283763153513388,0.05460630465639312,0.12817144647024462,0.0756942543591075,0.1869978807640537,0.08058317083976488,0.02015390563050797,0.01262652628727357,0.11703593724703552,0.35057846474735355,0.6286400461245617,Democrat,TRUE
South Carolina,2008,4479800,44625,675,799,0.4864603330505826,0.675472565739542,0.2807705701147373,0.00275302468860217,0.01099602660833072,2.4554667619090136e-4,0.01420621456315014,0.01555605160944685,0.26542177359263,0.04320893410013504,0.06009142982217325,0.1413149437835625,0.08510188405963542,0.1517299989663985,0.06104970677468365,0.01435591426106612,0.00947670714826642,0.15660717635406407,0.5387364397863786,0.4489656001736624,Republican,TRUE
South Dakota,2008,804194,46032,569,789,0.4993695551073497,0.8709913279631532,0.00944423857924829,0.08171535723967102,0.00821816626336431,2.5491361537141534e-4,0.00769590422211555,0.02168009211707623,0.28305949073498676,0.04196646583388943,0.06865536368833762,0.1624986376386501,0.0965699087361302,0.177732227637675,0.04648281321404465,0.01606152328251646,0.01030231993407127,0.12454549092143528,0.5315897637279927,0.44747431114601743,Republican,TRUE
Tennessee,2008,6214888,43614,660,824,0.48700250109092874,0.7943766645513162,0.16340230105514372,0.00249240211569379,0.01319090545155439,4.671041537675337e-4,0.01062464842487909,0.01544597424764533,0.2668546965982225,0.05852910473490653,0.06601526585963836,0.14948499272142202,0.06026423153539687,0.14866471613545815,0.05405445525589947,0.01593481841863316,0.00993573781795893,0.15485897846695923,0.5689695428289423,0.4182853806271298,Republican,TRUE
Texas,2008,24326974,50043,768,1010,0.49933222274171873,0.7387403381941379,0.11428679950083392,0.00498833105999948,0.03458461377070572,7.540600816196869e-4,0.08710635363033643,0.01953950376236683,0.20803418428194245,0.04638182762323663,0.06331092561206904,0.16221566817936525,0.062882623730516,0.17077482970735702,0.05844998355685737,0.01457046240338579,0.00956928751539024,0.1584819356147368,0.5545236045232641,0.4368312144588963,Republican,TRUE
Utah,2008,2736424,56633,784,1196,0.5042749223073617,0.909771658193321,0.01096357874364499,0.01064418379607838,0.01966069585707478,0.00746229385504585,0.02095070062241816,0.0205468889324169,0.2151078646163663,0.02925511728162384,0.08295007056323224,0.19106619307180983,0.09509826750219022,0.1969151581658448,0.06593063061788176,0.01600055061191251,0.01172944886063214,0.09559461640493835,0.6258386971450172,0.3440574566607516,Republican,FALSE
Vermont,2008,621270,52104,797,1170,0.4913837783894281,0.9589550437008064,0.00748466850161765,0.00238382667761198,0.01191913338805994,9.174754937466802e-5,0.00376647834274952,0.0153991018397798,0.29045803391344605,0.03981072863427309,0.05654412260764576,0.1107432902416839,0.08736120448798326,0.19874191304590577,0.08632598131015054,0.02206304858104634,0.01410927769338317,0.10553012681023488,0.30449228724549754,0.6745568319560924,Democrat,TRUE
Virginia,2008,7769089,61233,934,1311,0.49198368045468394,0.7079867407877551,0.19570273940741317,0.00309006628705115,0.04818183959535024,5.339107326483195e-4,0.02313823409668752,0.02136646909309444,0.21527692382291616,0.03650021820297726,0.06143412694564321,0.1419331813994084,0.0672804150705523,0.19920147408233527,0.09853290016001552,0.02331940066915579,0.01584813072782815,0.10215359822855784,0.46330500690255316,0.5262946987317566,Democrat,TRUE
Washington,2008,6549224,58078,874,1428,0.4989137644398786,0.8038065273076627,0.0335183221706877,0.01389553937993264,0.06482935993638331,0.00443899918524698,0.0397882252920346,0.03972302672805206,0.19981344121198943,0.0375540151047439,0.08372059209283363,0.1751284728228332,0.09317250899235692,0.19847498560242924,0.07648408928841245,0.02015067368324615,0.01189044491285453,0.1134793045868778,0.40476304942114893,0.5765289221364835,Democrat,TRUE
West Virginia,2008,1814468,37989,528,503,0.48949499247162254,0.9435746455710434,0.03403697392293499,0.00135466704290183,0.0052847446193595,1.8021811351867325e-4,0.00165613281689178,0.0139126179133498,0.3427191488184402,0.06507096473303743,0.05827684743471679,0.12695078908988866,0.05845786580136199,0.10343737278321669,0.04824416136720248,0.01187527913585467,0.00734665807685771,0.17011610012221065,0.5571034310695478,0.42589750382296754,Republican,TRUE
Wisconsin,2008,5627968,52094,704,1119,0.49715367962291185,0.8836043488520191,0.05781571608083059,0.00861696441770813,0.02044858819382057,1.6613456224342428e-4,0.01329023192740257,0.01605801596597564,0.30088969060370724,0.03540537592354621,0.07020041983605642,0.1449644948531505,0.08796656210673627,0.1708796602999513,0.06070275979683979,0.01565898031453117,0.00967911009655165,0.1039618547734602,0.4231366248834809,0.5621778651794235,Democrat,TRUE
Wyoming,2008,532668,53207,636,869,0.5055437908791217,0.9187054600614266,0.01062575563014861,0.02043674483918688,0.00700624028475523,3.379215571425353e-4,0.01515953652181095,0.02772834110552914,0.2485252827078128,0.05748320639745384,0.09250148115710569,0.18127931903980948,0.1007186831869349,0.15738045559533928,0.05581744130467759,0.01441659582871813,0.00867514432337595,0.094095314525588,0.6471377459749553,0.32509493770203685,Republican,FALSE
Alabama,2012,4822023,41574,689,725,0.4845043252593362,0.6912806098187421,0.2646532378630297,0.00500536807891625,0.01216895896182992,2.816245380828752e-4,0.01088091035650389,0.01572929038289531,0.25757980786666196,0.05508489098174689,0.05903704022188116,0.16090372583144685,0.07432439589911162,0.14706824366300833,0.06041195820349035,0.01580018481788957,0.00950509807000522,0.1896257003963052,0.6054582232982282,0.3835903309875247,Republican,TRUE
Alaska,2012,731449,67712,1120,1364,0.521012401411445,0.6651878668232508,0.03582888212301883,0.14024491112845872,0.05850031922936527,0.01125300601955843,0.00929114675117472,0.07969386792517319,0.2282573601897571,0.05215306267407672,0.0744198160113992,0.202639293662854,0.0824095877260576,0.17124414004485636,0.07817793600433927,0.01839240282913683,0.01226662419230554,0.10117270908094934,0.5480157739729447,0.40812659112464433,Republican,FALSE
Arizona,2012,6553255,47826,888,969,0.497567544678179,0.7880357166019024,0.04369477458148661,0.04423496415140262,0.02905273791421209,0.00183679713363816,0.06422792947931982,0.02891708013803827,0.2020280978884532,0.04050869251557775,0.07225618531075136,0.18465498132912697,0.08422428035839105,0.1718874402401235,0.07257647769026909,0.01800599187377817,0.01100184465983127,0.1866044457094706,0.536545331659747,0.44589766941799386,Republican,TRUE
Arkansas,2012,2949131,40112,640,647,0.4914210321616775,0.7825868026886564,0.15671802981963162,0.00592886514705518,0.0133761436843599,0.001770352012169,0.01996011706499304,0.01965968958313483,0.29062030941087996,0.06125992750522986,0.06638257663197875,0.15837583398225694,0.06101010474088711,0.13806478155641122,0.05208214705994002,0.01145696430971456,0.00826210563142575,0.1982707048764126,0.6056693608410911,0.36878990301720105,Republican,TRUE
California,2012,38041430,58328,1200,1682,0.4972939503062845,0.621126624314596,0.05950677984502686,0.00750082212997776,0.1345994091179012,0.00385663735564094,0.12914588121424458,0.04426384602261271,0.1839577374847174,0.02217670662504564,0.05694468523212308,0.16361647865857104,0.07906029366519095,0.19633758712343904,0.07510606226430384,0.02298171767760364,0.01471893378893052,0.16956475071110397,0.371203785207048,0.6023895914168964,Democrat,TRUE
Colorado,2012,5187582,56765,934,1281,0.5014609889540059,0.8436826637150024,0.04207972037839595,0.00924303461612751,0.02835270844875319,0.00102321274150461,0.04232511408976282,0.03329354601045342,0.1798636379735091,0.03850372199936481,0.06074427213879826,0.16838178812734167,0.0836812637785972,0.2376055766413695,0.0995095588700636,0.02222284153938247,0.01544741503791092,0.13707482100763632,0.4612709163904798,0.5149222655161517,Democrat,FALSE
Connecticut,2012,3590347,67276,1019,1668,0.48736403472979073,0.7812537339705605,0.1020374910837309,0.00323840564714218,0.04117429318113263,6.297441445074807e-4,0.04551732743381071,0.02614900453911558,0.24697291839064467,0.03057513126643118,0.05311113443651652,0.1230576514517217,0.07421913458948778,0.20481875753159712,0.11967356908808784,0.02981881855736707,0.0163744345962413,0.10688030290071288,0.4074511424691504,0.5808501325885442,Democrat,TRUE
Delaware,2012,917092,58415,960,1215,0.4848924644419535,0.697088187444662,0.21475489918132531,0.00312727621656278,0.03340122910242375,1.570180527144496e-4,0.02535296349766435,0.0261184265046473,0.2798183675712725,0.03524826547173349,0.06230076364506346,0.14039009912513822,0.07166204341331885,0.18092277550386995,0.08406076830064725,0.01594537448352117,0.01439189669776855,0.1204697677656056,0.39982604073546113,0.5861074198458528,Democrat,TRUE
Florida,2012,19317568,45040,954,992,0.488726168842786,0.7631662536402097,0.1607758802764406,0.00266446583752157,0.02526467099792272,6.009555654210716e-4,0.02377944262963122,0.02374833105285303,0.2560280491037043,0.04168154216751839,0.06392240612920251,0.14359221925588506,0.0915893936697718,0.17253996242672498,0.06476150656554806,0.02016181138464753,0.01083773266782916,0.1712404280792592,0.49130977761975525,0.5000786506869869,Democrat,TRUE
Georgia,2012,9919945,47209,837,1039,0.4890201508173685,0.604120889783159,0.3088088694040138,0.00243610221629252,0.03397347465132115,2.9052580432653607e-4,0.0300216382248087,0.02034849991607816,0.23306976222696452,0.04970847170087688,0.05705406663941217,0.1572912993739067,0.07074491890644329,0.17813645504461542,0.07317471179002343,0.01923424671267449,0.01167206290977379,0.1915063056611921,0.5332924217752452,0.45507959666882086,Republican,TRUE
Hawaii,2012,1392313,66259,1379,1646,0.5036195165885832,0.24940656303575415,0.01839600721964098,0.00226457700244126,0.38185594762097314,0.10443628695559116,0.01113183601675772,0.23250878214884152,0.2567634973290447,0.02603538241338428,0.05211696967596749,0.16797457893205892,0.10048084546473152,0.19593586346887107,0.06990163617671674,0.0236096278304408,0.01111121612213201,0.11589066215023046,0.2768214768539593,0.7014793244563191,Democrat,FALSE
Idaho,2012,1595728,45489,702,913,0.5005314188884321,0.91392204686513,0.00548903071200104,0.01301224268797689,0.0129176150321358,0.00105657104468932,0.0288338614099646,0.02476863224810243,0.22630249628253157,0.05061878817440209,0.08699666069633664,0.18925024635016677,0.0901424387777872,0.1728104456420211,0.05619252240848511,0.01473855286309249,0.010895687736599831,0.1587302804004571,0.6452978349589283,0.3262233355920978,Republican,FALSE
Illinois,2012,12875255,55137,868,1215,0.4906041084234837,0.7268700309236594,0.14395334306000154,0.0020825995290967,0.04799314654350535,3.2861485073499517e-4,0.05680493318384762,0.02196733190915442,0.2343876166257443,0.03588115054571881,0.066126643684728,0.14770586623623727,0.07559842713340915,0.196795030199576,0.08779252461912432,0.02045976729472671,0.01127306737610404,0.1471774841343136,0.407327412708169,0.5760213536247709,Democrat,TRUE
Indiana,2012,6537334,46974,715,834,0.492118805617091,0.8433105911369987,0.0915007555067555,0.00249260631321575,0.01648011253517106,4.319803760982688e-4,0.02409086028035281,0.02169309385140793,0.30111254059119713,0.05196561301909699,0.06614223833211223,0.14089711365768898,0.08123637952813136,0.15031976339962302,0.06073225993790526,0.01305742420152631,0.01008589734151759,0.1561430071756488,0.5412553238022445,0.43927302904058396,Republican,TRUE
Iowa,2012,3074186,50957,661,817,0.4957757923560904,0.9166481793879746,0.0298160228431201,0.00265208416146583,0.01838502940290535,7.351539562017392e-4,0.01225365023456615,0.01950988001376624,0.28416396128999954,0.03868545449100709,0.07782353694882604,0.14073980617508258,0.11118398541379376,0.1808209453837102,0.05768699254243878,0.01460142474716407,0.01018069281534104,0.12691844093839572,0.46177868510536096,0.5198801653414908,Democrat,TRUE
Kansas,2012,2885905,50241,711,892,0.49711165128443247,0.8554973223304302,0.05801091858533112,0.00903945209561645,0.02488682059873765,7.84156096614407e-4,0.0200779304932075,0.03170339980006272,0.2319560074365723,0.0414432188507662,0.08020452720660533,0.1642711772712245,0.08043369986646802,0.1947693889730918,0.08043477327471094,0.01791411016603478,0.01078614272894724,0.13979481173232383,0.5971132036921613,0.3799457055391902,Republican,TRUE
Kentucky,2012,4380415,41724,636,732,0.491948593911764,0.8776832788674133,0.07866469272888528,0.00185849970836096,0.01264651865177157,4.905927862999283e-4,0.00874711642618336,0.01990930083108564,0.2726890256760352,0.0682305096201244,0.06544832310836356,0.14135496945794884,0.07211541900914371,0.12910374213794698,0.06312671161361026,0.0158755302829777,0.00962642664985159,0.19382553236876995,0.6049314159932162,0.37801327834445797,Republican,TRUE
Louisiana,2012,4601893,42944,747,689,0.48868759008521057,0.6283296895429772,0.322310623041431,0.00555228033333239,0.01569267255887957,4.800198526997477e-4,0.01058194964550457,0.01705276502517551,0.2891118055082061,0.05345564182857409,0.05243056537190618,0.16236951644795375,0.05323712293433956,0.1440904275752884,0.05164695728238328,0.01511538762158647,0.00868654179714329,0.19949735436718405,0.5778457572847425,0.4057746362330215,Republican,TRUE
Maine,2012,1329192,46709,744,933,0.4895560611258569,0.9512004285310174,0.01024231262300705,0.00606834828978808,0.01084418202938326,1.1736453424335987e-4,0.00188761292574737,0.01963975106681352,0.29402006510970763,0.05366851915013141,0.06269158842977475,0.13536293435070332,0.09052846992187048,0.18104110063494108,0.06959853941375921,0.01699335914772385,0.01190686122846791,0.1467277226842485,0.40327392039825705,0.5537103419348252,Democrat,TRUE
Maryland,2012,5884563,71122,1170,1589,0.48419755213768634,0.580789091730346,0.2924492438945764,0.00291797368810564,0.05769791231736324,4.4812163622005575e-4,0.03449347045821414,0.03120418627517455,0.23112381628519676,0.02945468872533285,0.05951988036660385,0.13799354755062454,0.0633694474130411,0.20037838593099175,0.11604615653798273,0.02900757401246433,0.02388740563953642,0.10284770765496055,0.3589773233894539,0.6197419077931849,Democrat,TRUE
Massachusetts,2012,6646144,65339,1036,1621,0.48445429409895424,0.801050353407931,0.07124838101612002,0.00199062794907844,0.05736589517169655,1.3541686728424783e-4,0.04055614804614525,0.0276531775417445,0.23005046077027896,0.02933585040981133,0.05042126721867072,0.11769432049140052,0.07623673657318414,0.2220319979177498,0.11879952833346026,0.02907732482642245,0.02291506688416759,0.11888905621128266,0.37319122315334863,0.6033830832021647,Democrat,TRUE
Michigan,2012,9883360,46859,748,902,0.4908683888879895,0.793295599876965,0.1404744945038934,0.00570210940408929,0.02510209078693885,1.8505852260769615e-4,0.00950607890434022,0.02573456800116559,0.26566141339594607,0.04006121113097714,0.07605416568872038,0.1628738964310322,0.08698284765273255,0.1604149090064398,0.07401052224899554,0.01568459714201048,0.01018272416719,0.17438119324155402,0.4471091602742022,0.5420820421051875,Democrat,TRUE
Minnesota,2012,5379139,58906,813,1130,0.4964997186352686,0.8545408475222521,0.05338493762663504,0.01045334578637956,0.04218184359987723,4.3427024287715936e-4,0.01363842800864599,0.02536632721333284,0.23339509834634176,0.03103386411252785,0.06830588345075352,0.15428644746752335,0.10597670925786448,0.2242942014205953,0.07575601042451227,0.02002447272008229,0.01189559713214824,0.1138140727345974,0.4495820110666865,0.5265230315324626,Democrat,TRUE
Mississippi,2012,2984926,37095,666,625,0.4831181744539061,0.592556063366395,0.3764314425215232,0.00421819502393024,0.0080146040471355,1.336716555117279e-4,0.00764005539835828,0.01100596798714608,0.24210656245292808,0.06341214915730807,0.05539684764598571,0.17173875294984017,0.08377179952802558,0.1303991489397312,0.05541201526385379,0.01256767895696999,0.00822294096972334,0.24153530573629575,0.5528584674358112,0.4378935954398935,Republican,TRUE
Missouri,2012,6021988,45321,706,861,0.49046776579428586,0.82730138286559185,0.11485094291121138,0.00464962733236931,0.01696781860076772,7.439403731790897e-4,0.01176887101070277,0.02371741690617782,0.27008597436997983,0.04623871761919117,0.07568244781281432,0.15200188088350824,0.07149494698955498,0.16661227977346885,0.07073966091905316,0.01623430122120735,0.01052032226533132,0.1623485271003397,0.5376374113587709,0.4438348354545333,Republican,TRUE
Montana,2012,1005141,45076,681,804,0.5008829606990463,0.8918818354837779,0.00358656148739331,0.06481478717911218,0.00640905106845706,0.00117694930363003,0.00649262143321185,0.02563819404441765,0.2445796991714839,0.05277603855730448,0.0682906941188462,0.1844416616916872,0.08385631288495421,0.20219578607102817,0.0620571661546078,0.01896122428178284,0.01081293591741048,0.15521102515414126,0.553515353849205,0.41698137374805805,Republican,FALSE
Nebraska,2012,1855525,50723,692,918,0.49748669514018945,0.8811263658533299,0.04606944126325434,0.0085248110373075,0.01976260088115223,6.612683741798143e-4,0.02304145726950593,0.02081405532127026,0.24262909848969433,0.03440113082355904,0.07925127681645991,0.16149118242649813,0.09753767478548488,0.1931000540223447,0.0694849980280187,0.01659612828815452,0.0105360143440925,0.12991975141373444,0.5980319217904804,0.38027314417928976,Republican,TRUE
Nevada,2012,2758931,49760,944,1159,0.5044939507367165,0.6967202151847944,0.08253051634854225,0.01138665664346082,0.07529583016030485,0.0066841106211065,0.08589993733079951,0.04148273371099168,0.24837801158508824,0.03931237035773387,0.0703308954158386,0.19211775021976027,0.07499231246488997,0.14823414873723406,0.05197045378731986,0.01511483493259417,0.00840521948320205,0.16436612698243375,0.4567531564126363,0.5235624947040056,Democrat,FALSE
New Hampshire,2012,1320718,63280,967,1466,0.4908602744870593,0.9403256410528212,0.01250456191253545,0.00175737742652102,0.02252032606506461,1.446183061031954e-4,0.0044119940820069,0.01833548115494753,0.2534322299683764,0.04083345381967054,0.05912708464011184,0.1245701899045857,0.09460442251895078,0.21938007333541332,0.09474683193406118,0.01670212407447469,0.01474861476948699,0.10036194549021232,0.4640379649268888,0.5197968415071198,Democrat,TRUE
New Jersey,2012,8864590,69667,1148,1884,0.4874941762675995,0.689448130144767,0.1362373217486652,0.00243372789942907,0.08744634551626189,2.939786273251216e-4,0.05900633870263599,0.02513415736091573,0.26204823260408716,0.02518484624468868,0.05024720003068097,0.1211782683500646,0.06163155987616525,0.2247528330307114,0.09875917288331049,0.02445666907794421,0.01441443645534265,0.10756766850294527,0.4062356482714438,0.5834235491063761,Democrat,TRUE
New Mexico,2012,2085538,42558,753,760,0.49621584454466905,0.719168387245881,0.02054290068078356,0.0924955575012299,0.01328865741118119,6.861538845132527e-4,0.12231616014668636,0.0315021831297248,0.21934016010820903,0.04554189057067035,0.05732432571508384,0.17862945020693508,0.08229767776936478,0.1488991641733991,0.07863312578565496,0.01635191460895518,0.01729359787698573,0.20845539222350787,0.4284332663909013,0.5299276052046678,Democrat,TRUE
New York,2012,19570261,56448,1079,1371,0.48470850746446353,0.6523876201753263,0.15567549150213172,0.0037501799286172,0.07656239229512575,3.809862321202563e-4,0.08400751528045539,0.02723581458622345,0.23151234646512436,0.03746137890830647,0.04609323939024901,0.11940244456681078,0.08479461051178905,0.1901892904012326,0.10304925836008626,0.02698110056221145,0.0136527620593638,0.15867634519061624,0.312415973282314,0.6076098417487449,Democrat,TRUE
North Carolina,2012,9752073,45150,756,903,0.4871832891324747,0.6990760836183241,0.21614973554853417,0.01161599179989731,0.02335165046447047,5.709555291474951e-4,0.02624457384599151,0.02299100919363503,0.2272836043423279,0.0440162018329144,0.06411610193897178,0.15604518602261397,0.08660387251973571,0.18028922863478433,0.06719042546683815,0.01419902331058973,0.01195614774565273,0.18034880118345176,0.5039306410214295,0.48350968577067555,Republican,TRUE
North Dakota,2012,699628,53585,644,708,0.5111159073107423,0.8950356475155369,0.01458203502432721,0.05331547622450788,0.00962940305419451,0.00170090390893446,0.0055972602583087,0.02013927401419039,0.2429308326636151,0.03728074006778714,0.06544603235612705,0.1693870330899053,0.12278337817533806,0.1957375345050491,0.0549525664768161,0.01638553059156504,0.012185960375974,0.11217718847984448,0.5831568255855722,0.38697310888979725,Republican,FALSE
Ohio,2012,11544225,46829,700,925,0.4887841323259032,0.8269954890865346,0.12240839034235731,0.00187903475547297,0.0174007349995344,3.552425563431066e-4,0.00792153652583867,0.0230395717339189,0.30699088732621294,0.03884558385610798,0.06981544557798793,0.13927378120626208,0.08055666942402734,0.1596695851450497,0.06800004015074029,0.01499797444662756,0.00973024879560648,0.1625144444676019,0.47688440878422567,0.5066674765831987,Democrat,TRUE
Oklahoma,2012,3814820,44312,686,742,0.49538562763118577,0.7354506896786742,0.07151582512412119,0.07288102715200193,0.01848763506535039,0.00102888209666511,0.02343701668755013,0.07719892419563702,0.26645456241236026,0.049641481095545,0.07200207762468964,0.16837483758506683,0.07251866967697117,0.1583666203542897,0.05708724094014125,0.01330475795350752,0.0089569423539552,0.17229426651634627,0.6677231974301656,0.3322768025698344,Republican,TRUE
Oregon,2012,3899353,49161,862,1193,0.4956691533185121,0.8518313166312462,0.01787963285191158,0.01207020754468754,0.03832815341416897,0.00420967273288671,0.03558436489335538,0.04009665193174355,0.20416450206080455,0.04667239569843534,0.08499939366083632,0.1816603362861801,0.08199539481662357,0.1860675237258269,0.07952025846516844,0.02027942504075946,0.01335518150500866,0.1720571148113709,0.42149871176513326,0.54239326652769,Democrat,TRUE
Pennsylvania,2012,12763536,51230,798,971,0.4880569929837625,0.819272888014732,0.10968770723097424,0.0016696000230657,0.02891017034777823,5.590143671784998e-4,0.01924827101204556,0.02065234900422578,0.3278654712934673,0.03996920166321068,0.05518518801911808,0.10947376619644994,0.07865761369763109,0.16951247881957676,0.07600215935535454,0.01902614992125113,0.01360514928822243,0.13706517967208162,0.46680866033674445,0.520768577021407,Democrat,TRUE
Rhode Island,2012,1050292,54554,878,1500,0.48256580074874417,0.8168176088173574,0.06459156120393186,0.00457872667791433,0.03219485628758478,1.913753508548099e-4,0.05381741458565808,0.02780845707669867,0.23282570819252785,0.04591510815405934,0.04947133885838396,0.13106668669649613,0.0879272074814221,0.186590497156279,0.09109173334306746,0.02082353486243297,0.01562045906684394,0.13747057001392451,0.35243661570813967,0.627009588632639,Democrat,TRUE
South Carolina,2012,4723723,43107,754,801,0.4860109282445224,0.6702010257587077,0.276706953392483,0.00324256947327351,0.01269253087024789,3.679301263008013e-4,0.01673383473163011,0.02005515564735696,0.25287186002355616,0.04468913725530014,0.06096491450735115,0.1497536501908862,0.08928784471204614,0.1599293822597677,0.0673057885224596,0.01382846133539111,0.00992570160831776,0.18270164742684147,0.5456113125586141,0.4408803340736147,Republican,TRUE
South Dakota,2012,833354,48362,651,778,0.501351166491071,0.8538532244400339,0.01566561149283497,0.08796381849730127,0.01144411618591858,5.519863107394937e-4,0.00930576921692342,0.02121547385624836,0.281652127901935,0.04538923959933271,0.05863580578072064,0.1578803289410831,0.09915817245155174,0.181371396235844,0.05459202045960624,0.01375732143775767,0.01291586133913414,0.13408511643520532,0.5788931187554114,0.3986614075835246,Republican,FALSE
Tennessee,2012,6456243,42764,730,807,0.4870876142673069,0.7801075641050066,0.16910128692491902,0.00272511428085962,0.01488264924353064,4.0549898756908625e-4,0.01444462359920467,0.01833326285891036,0.26910602233658554,0.0614949061137934,0.06462025706144141,0.14797324922811694,0.06546818116935123,0.15687541465149213,0.05948705318815544,0.01598049843732452,0.01043590032729363,0.17937278847470312,0.5947871471993759,0.39075814993795194,Republican,TRUE
Texas,2012,26059203,50740,831,988,0.496761854151871,0.7500678359196173,0.1189378278376357,0.00483671737773407,0.04036969204315266,8.418523007015986e-4,0.06136810861022879,0.02357796591092981,0.2065549551965821,0.04508638878942336,0.06198136113875097,0.1674024133304056,0.06588127095779786,0.17713403698596597,0.06568365502713512,0.0146459090421277,0.01001526566286234,0.17926362048898178,0.5716697746805639,0.41383358283760857,Republican,TRUE
Utah,2012,2855287,57049,851,1156,0.5025862549018715,0.8807899170906462,0.01113618350799762,0.01101395411389468,0.02191548520341387,0.00902361128671128,0.04174536570229192,0.02437548309504438,0.1992432988999808,0.03133912333557744,0.07945727106288479,0.1956127176962655,0.09709047817782476,0.20346059762327617,0.07298388202286553,0.01677110400984564,0.01416895393079414,0.12830165144938382,0.727905331026891,0.2474966582796037,Republican,FALSE
Vermont,2012,626011,52977,860,1159,0.4938954746801574,0.9508650806455478,0.0102410341032346,0.00345840568296723,0.0131531235074144,0,0.00215491421077265,0.02012744185006334,0.2702277053808731,0.03445699256003017,0.04958983602637557,0.11450564205376276,0.0903073470851688,0.21869280925535925,0.09788756357081768,0.0233246273117706,0.01762049716287924,0.11815608424712978,0.3097263523672692,0.665705503023823,Democrat,TRUE
Virginia,2012,8185867,61741,1068,1273,0.49048500299357417,0.6915659636297535,0.19255846692842676,0.00281240826414599,0.05737559625632813,6.117861431171555e-4,0.02286257521652868,0.03221320356169969,0.2136337857049691,0.03929086177323432,0.05908044047648891,0.14060888328404875,0.07185046557837337,0.20569920683277,0.10842495393991317,0.02427932449808039,0.0161082233104913,0.11740158598385288,0.4728310289638912,0.5115645679621864,Democrat,TRUE
Washington,2012,6897012,57573,954,1356,0.4989739034816816,0.7833699578890105,0.03604908908379455,0.01377625557270307,0.07388199411571272,0.00596722174762056,0.03701182483081079,0.04994365676034781,0.1983962492189281,0.03863784931914636,0.07892297204887191,0.17481159027856852,0.09647473158354568,0.20332752242373264,0.08008615844777037,0.01971110186512333,0.01361212210702046,0.13535742880661064,0.4129462143210913,0.5616339829967276,Democrat,TRUE
West Virginia,2012,1855413,40196,607,494,0.49136283943251446,0.9367984378680112,0.03304170014977797,0.00142070795019761,0.00656080344376157,3.8643687416224854e-4,0.00237359552832711,0.01941831818576241,0.3389428028523354,0.06703744249541545,0.05713542884166885,0.13244396509491968,0.06306583623990415,0.1136066088515593,0.05119576361999412,0.01418298550919186,0.00747029203032554,0.17769668058569865,0.6229584241943327,0.3553930415638732,Republican,TRUE
Wisconsin,2012,5726398,51059,743,1060,0.4964267240942736,0.8674852848160397,0.06274747232029629,0.0091088673892384,0.02371735251374424,1.861554156731684e-4,0.01678943726929214,0.01996543027571607,0.2887036638238583,0.03510431558545679,0.06735172553364278,0.14454629660860835,0.10035468077433014,0.17850847264132097,0.06628197510748099,0.01595362944550966,0.01068997994380113,0.13230544968055677,0.4593834671361976,0.5277616253515459,Democrat,TRUE
Wyoming,2012,576412,54901,742,839,0.5078589619924637,0.908721539454418,0.00992345752690783,0.02146901868802176,0.00977946330055585,1.3531987536692503e-4,0.01936288626884936,0.03060831488588024,0.2502769450467525,0.05326270140861338,0.0871208740438177,0.17886187398606612,0.0998970971958986,0.1690782323818324,0.0550293745504565,0.01172356946726798,0.0116553176074048,0.12649324510860369,0.6819358518713527,0.2763690611525283,Republican,FALSE
Alabama,2016,4863300,46257,743,728,0.48445541093496186,0.6819205066518619,0.26753480147225134,0.00503958217671128,0.01349104517508687,3.090494108938375e-4,0.0144619908292723,0.01724302428392244,0.25192163026594555,0.0544473269866238,0.06104287164621704,0.15443511750340003,0.0821125617404482,0.1535062272908914,0.06851974103776971,0.01482437279460528,0.01022415459932444,0.17088689690169148,0.6208309236440906,0.3435794575797364,Republican,TRUE
Alaska,2016,741894,76440,1208,1360,0.5264539139014468,0.6441553645129897,0.03201670319479602,0.1456488393220595,0.06143734819259894,0.01339409673079981,0.01713452326073536,0.08621312478602064,0.22379116026482876,0.05583660959054266,0.07208461825948792,0.1986111314101025,0.08522583729859631,0.18970834177191404,0.07554426235669202,0.0182273343202123,0.01211814987336909,0.09885243546676097,0.5128151207753728,0.36550871290111986,Republican,FALSE
Arizona,2016,6931071,53558,976,975,0.4969257997789952,0.7581720054519713,0.04323631946635664,0.04418465775346984,0.03180431999614489,0.00204008875396024,0.08453931578539593,0.03602329279270116,0.19992006759454256,0.03903351389814433,0.07455436819356005,0.1804460003428145,0.08448085761548536,0.18065393699519433,0.0776141927788918,0.01826967741070882,0.01221617025213291,0.16355752050849065,0.4867161647232105,0.45127654075817136,Republican,TRUE
Arkansas,2016,2988248,44334,701,645,0.4915194455078694,0.7663574107637653,0.15544760675820748,0.00631105584275468,0.01398177125861039,0.00294754652224313,0.02904611665430714,0.0259084922001119,0.27736670337532054,0.06525415383873379,0.06819972187165904,0.15773383680457867,0.06697738398591674,0.14198210654083904,0.05935045778638779,0.0131643730456661,0.00948932099708206,0.1722279145665366,0.6057410216382829,0.33653124129360934,Republican,TRUE
California,2016,39250017,67739,1375,1691,0.49659165752718015,0.5966936014320707,0.05771411513019217,0.00739192036528289,0.14272793818152996,0.00383492827531768,0.14374834538288225,0.04788915123272431,0.18189028909824845,0.02305517958111773,0.05682095141996304,0.1561636391637379,0.07724134674708918,0.2062847584159528,0.08376504762102811,0.02365785806174753,0.01553468127059815,0.1434706978048962,0.3161710653843943,0.6172639960455788,Democrat,TRUE
Colorado,2016,5540545,65685,1171,1292,0.5036870921542916,0.8401557969477732,0.04225974159581774,0.00988043594989301,0.03175698419559809,0.00150255976623238,0.04116959613178848,0.03327488541289711,0.17970575938204345,0.03979569115628169,0.05826849563183185,0.15194769411662937,0.08611092867025176,0.249438393637602,0.10938762346128934,0.02343581881860555,0.01631742146454978,0.11046123232048546,0.4325139737143104,0.48156980382847403,Democrat,FALSE
Connecticut,2016,3576452,73433,1115,1613,0.48795649990549295,0.7666514187804002,0.1059519322501742,0.00276447160481952,0.04528230771725721,3.5202485591865907e-4,0.04781498535420019,0.03118285943722997,0.24205739914747804,0.03300270652828887,0.04875560077917541,0.1194754546371838,0.07548940588077255,0.21937872633915204,0.12055093391232534,0.03033751165541546,0.01615488198296658,0.0977451020517571,0.40926914378814777,0.5456630109670987,Democrat,TRUE
Delaware,2016,952065,61757,1048,1095,0.4834039692668043,0.6922752123016811,0.22047969413853047,0.00425916297731772,0.0374407209591782,0.00215636537421289,0.01638018412608383,0.0270086601229958,0.28480092733043844,0.03589179333692553,0.06642547623036554,0.1179871012924366,0.07882912457531314,0.18371074052104985,0.08855522702540349,0.01944163961198224,0.01780854792188328,0.11674959864661914,0.41922824339319276,0.5335333680563419,Democrat,TRUE
Florida,2016,20612439,50860,1086,958,0.4885816763363132,0.7555711868935064,0.16060341039699377,0.00255855214416886,0.02713861275708323,6.083705087010809e-4,0.02767377504428272,0.02584609225526392,0.2468338689025346,0.042191436410675943,0.0637394566295723,0.13764889053896812,0.0971948433829892,0.1819890420562321,0.07217680537057719,0.02090110694125297,0.01115109281212834,0.1472666848989037,0.49021941416590736,0.4782331580580505,Republican,TRUE
Georgia,2016,10310371,53559,933,990,0.4867089651769078,0.5872592751512046,0.3156525599321305,0.00367969300037796,0.03868890847865707,6.307241514393614e-4,0.02902126412327936,0.0250675751629112,0.2285489643565334,0.04911799534146501,0.05484500165428836,0.15062645579218306,0.07637108819751835,0.187207229645437,0.08261759263830624,0.02138195344559896,0.01331138423039484,0.15965945303286258,0.50771326054771,0.4563998335736082,Republican,TRUE
Hawaii,2016,1428557,74511,1483,1577,0.5026449767142648,0.25059833104314355,0.01812878310070932,0.00185431872861915,0.3804174422161664,0.10119862210608328,0.00862478711034981,0.23917771569492852,0.2577156771823032,0.02256752952004012,0.05436975307209237,0.16025236720396957,0.10521455955323092,0.2137875566256987,0.06842311872500471,0.02219010895748165,0.01508774018933595,0.09325254310723298,0.29439707172625573,0.6098079805512905,Democrat,FALSE
Idaho,2016,1683140,51807,790,884,0.49978195515524554,0.8972034411873047,0.00679503784593082,0.01580141877681001,0.01450027923999192,0.00141105315065888,0.03929381988426393,0.02499494991503974,0.22378536971207572,0.05477229562250233,0.08383512759078973,0.169539164785034,0.09599775583689348,0.18704087779888068,0.0604020179073179,0.01622603505125245,0.01262985564696739,0.14368035183517772,0.5926143236919689,0.27492013820979205,Republican,TRUE
Illinois,2016,12801539,60960,950,1163,0.4913256132719668,0.7127082923389133,0.14166085812026194,0.00238018257023628,0.05349224026892391,3.7893881352859214e-4,0.06427227226351456,0.02510721562462138,0.2241729839718996,0.03553101196865307,0.0646055223762954,0.14579031412824073,0.07881958897980536,0.2093241959608869,0.09580011768888934,0.02176286600488689,0.01266396152249585,0.12969929668373772,0.3876175307382527,0.558253666987933,Democrat,TRUE
Indiana,2016,6633053,52314,768,818,0.4925841840853677,0.834671153690465,0.09313132278605342,0.00264056385498502,0.02132517258643945,5.31580254220794e-4,0.02378316591168501,0.02391704091615128,0.2847654770230498,0.05259510592417752,0.06642298277821487,0.13851666994492526,0.08517462190750939,0.16306900552204448,0.06871753613369468,0.01461283766063467,0.00967951379782615,0.14085257377653665,0.5694003344841128,0.37774839686752043,Republican,TRUE
Iowa,2016,3134693,56247,741,847,0.4965934463119674,0.9041274536294304,0.03568674827168083,0.00334578218664475,0.02386358089930975,0.00125977248808735,0.01343959360613623,0.0182770689187107,0.273099922377361,0.03812469454054106,0.07230500905597455,0.13764650075226878,0.11214794300006709,0.19081848760433537,0.06472530210539429,0.01689969430096501,0.01177132945539573,0.1175645869909591,0.5116206134467737,0.41752513445496237,Republican,TRUE
Kansas,2016,2907289,54935,789,885,0.49835190103219873,0.845793452250533,0.0572873904176709,0.0074364812029351,0.02742795779848511,0.00100506004047069,0.02549557336749115,0.03555408492241397,0.2217485158060315,0.04057219694535122,0.0780602515095648,0.1536299325135734,0.08299963635133535,0.20659314057135125,0.0903740929925748,0.01988809346616376,0.01160504372240921,0.12121744004665476,0.5665458180583958,0.36052370732234496,Republican,TRUE
Kentucky,2016,4436974,46659,707,756,0.4912839245846381,0.8713896002095122,0.08252403552511238,0.00251072014395396,0.01381820132369493,5.199489562030339e-4,0.00847221552346261,0.02076527831806091,0.2568581833671673,0.06639205557386074,0.06564794163529471,0.1480185838199785,0.08558445325986334,0.1399031016097765,0.06776711403637913,0.01710160109684197,0.00969284352008289,0.18471009103844588,0.6251963855190009,0.3268218833364776,Republican,TRUE
Louisiana,2016,4681666,45146,808,692,0.48954367953630185,0.6197569412256235,0.3235504198719003,0.00544848778191353,0.01664386139464028,2.2000715130041315e-4,0.01456917259795978,0.01981110997666215,0.28613106817933753,0.05392228621325064,0.05394058465114189,0.15604683115999254,0.06012417255747956,0.1519409185173771,0.05443111119671784,0.01800405775885869,0.00930010080192101,0.20197614747151188,0.580886846535688,0.3844956609851397,Republican,TRUE
Maine,2016,1331479,53079,797,945,0.4887061681032897,0.944153080897258,0.01499310165612826,0.0059279943581536,0.01314252797077535,1.6072352624412403e-4,0.00184005906214067,0.01978251252930012,0.2822033398546819,0.04717718031511459,0.05971430906639877,0.13472602576743098,0.09826923892655362,0.18770930994062504,0.08228900368209616,0.01879017431761209,0.01241918580049639,0.12480911995715951,0.43476678084498865,0.4634521409730895,Democrat,TRUE
Maryland,2016,6016447,78945,1314,1572,0.4849661270181554,0.5646613358349205,0.29811498381021223,0.00253205920371275,0.06258145380487853,4.122034150720517e-4,0.03828272733059894,0.03341523660060497,0.2218591207100144,0.03198392823009682,0.05768454542720111,0.13132539706411728,0.0651266170981354,0.2087299769945868,0.12819914479244188,0.03128580951207372,0.02502360213733969,0.09663191277791792,0.33918616431884707,0.6032854853195064,Democrat,TRUE
Massachusetts,2016,6811779,75297,1179,1647,0.4853089038854608,0.785429914857778,0.07438247776388518,0.00184195641109319,0.06471804208562844,5.516914157079964e-4,0.04189977390634664,0.03117614355956058,0.21659730323436308,0.0280335440500982,0.04712560404356199,0.10826935504170795,0.0768598301644733,0.2378194463687582,0.13312511964531049,0.02973189931708307,0.02668251713638137,0.10443732812675638,0.3228620279085515,0.5905006509667129,Democrat,TRUE
Michigan,2016,9928300,52492,818,876,0.49184855413313455,0.7849763806492551,0.13731817128813595,0.00515304734949588,0.02946264718028262,2.988427021745918e-4,0.0119477654784807,0.03084314535217509,0.2517723058480842,0.04086458172161951,0.07636971884216352,0.16003515767257628,0.09261697751110066,0.171992286849214,0.08094799687947551,0.01763637724502182,0.01192577009473697,0.1496483161091042,0.47497564219996147,0.4727453095086684,Republican,TRUE
Minnesota,2016,5519952,65599,912,1128,0.4978206332228976,0.8327184729142573,0.06002008713119244,0.01145462859097325,0.04690240060058493,2.630457656153532e-4,0.02026321968017113,0.02837814531720565,0.22043962834501432,0.03133641122030192,0.06612249324413742,0.14774367477584924,0.11536358445787875,0.23088849894088584,0.08185606301588362,0.02113987044742641,0.01427274115818851,0.0988213728394476,0.4492519310427733,0.4644503396176695,Democrat,TRUE
Mississippi,2016,2988726,41754,728,625,0.482123152139072,0.5851101773799271,0.3797464203811256,0.00443667301719863,0.0089362490907497,2.111267476510058e-4,0.01023278815120556,0.01132656523214239,0.24400083392010924,0.0642915613621104,0.05713425807170282,0.16718360856444128,0.09079867267715948,0.13534083929562366,0.05779853266851369,0.01407751164779956,0.01059517981913335,0.2083615922325533,0.5794103808883564,0.40114788271784096,Republican,TRUE
Missouri,2016,6093000,51746,771,866,0.4914903988183161,0.8225023797800755,0.11536944034137536,0.00506942392909896,0.01925734449368127,0.00150878056786476,0.01165780403741999,0.02463482685048416,0.26288966744592474,0.04416728504198238,0.07225842960009357,0.1528791214977673,0.07892329412130121,0.177022208611764,0.07866777448462926,0.0170242081196521,0.01183956181658203,0.13989991608921612,0.5677234783816165,0.3813523083523671,Republican,TRUE
Montana,2016,1042520,50027,741,827,0.5045687372904117,0.8895503203775467,0.00378793692207343,0.06352971645627901,0.00808809423320416,5.544258143728658e-4,0.00358554272340099,0.03090396347312282,0.24168837073543115,0.04796973405031602,0.0645775564960652,0.1714864667647092,0.0928045398924526,0.2090101822019152,0.068365010047487,0.02092150611268902,0.01127535727516643,0.13322594427883175,0.5646619186857719,0.35935218775150346,Republican,FALSE
Nebraska,2016,1907116,56927,769,930,0.4981993753919531,0.8782176857621665,0.04712822922150514,0.00831884374102047,0.02178577496072603,6.433798468472814e-4,0.02010784870977958,0.023798237757954942,0.230226238523259,0.03375729607177887,0.0710078628740493,0.1551985013908765,0.10435191587207152,0.21058593687189464,0.07241401488961426,0.01844157514752938,0.01289012879677123,0.11423291082072036,0.5874735112712576,0.33698756377135536,Republican,TRUE
Nevada,2016,2940058,55180,1003,1103,0.5010625640718652,0.6689289803126333,0.0887713779796181,0.01165521224411219,0.08311842827590477,0.00688421793039457,0.0932950982599663,0.0473466849973708,0.24817194781683172,0.04281287768388698,0.07460571667304947,0.18248193334361212,0.07775849120416192,0.15345939789417143,0.05687080040385754,0.01621647161806616,0.00809605045235028,0.1378789929054903,0.4550069531760242,0.4791782367811904,Democrat,FALSE
New Hampshire,2016,1334795,70936,1026,1440,0.49799557235380715,0.9343419776070484,0.01248955832168984,0.00108630913361227,0.02448241115676939,4.944579504717953e-5,0.00603613288932008,0.02151416509651295,0.2297269060539096,0.04069182111175133,0.06093272800569024,0.12826065391426214,0.10288037180794143,0.22526820784604248,0.10658979765424983,0.02046463328922124,0.01353122566183966,0.07296470123930648,0.46458666981953417,0.46826262669690555,Democrat,TRUE
New Jersey,2016,8944469,76126,1244,1848,0.4885936772769854,0.6809692112522275,0.13355572030044488,0.00225670187911658,0.09549823471913202,4.197007111322092e-4,0.06076716236592692,0.02653326877201989,0.24971415478291645,0.02674435261243731,0.04896703575917184,0.11701261932093288,0.06487130807567833,0.236667848505924,0.1086966948903709,0.0248204068854344,0.01544714683045619,0.10444316754218348,0.4135038665002945,0.554530844496942,Democrat,TRUE
New Mexico,2016,2081015,46748,804,752,0.4950584210109009,0.7398476224342448,0.01972258729514203,0.0932876504974736,0.01554337666955788,6.862036073742861e-4,0.09924291751861472,0.03166964197759266,0.22333422692993507,0.04295372726808832,0.06114428758190603,0.17101714052441425,0.08385481762364155,0.15501936565182362,0.08337471907407101,0.01590362380972573,0.01754228352981678,0.19831974224410612,0.40042514333242724,0.48255647178634103,Democrat,TRUE
New York,2016,19745289,62909,1194,1358,0.4852828439229226,0.6346051962065483,0.15601361924862178,0.00369971794284702,0.08447766958488175,4.677571445016581e-4,0.08949511957004022,0.03124092030255925,0.2223872662959315,0.03943497066559481,0.04669606357067063,0.11083449688550824,0.08728955720956068,0.2013842950631599,0.11146810304570402,0.0286866635534444,0.01498338312731184,0.14731122373258976,0.32390602305742927,0.5613614259984896,Democrat,TRUE
North Carolina,2016,10146788,50584,839,898,0.4862012491046428,0.6887958041500424,0.215064313948414,0.01190948307976869,0.02714435346436724,5.99302951830668e-4,0.02998909605680142,0.02649764634877559,0.21410140922485,0.04412721193337099,0.0638818062913823,0.15163239028759587,0.0952229727715628,0.19566363272181855,0.0790841019981286,0.01658178455283666,0.01273457090364735,0.1539424357575986,0.49828094696180414,0.46172866168209475,Republican,TRUE
North Dakota,2016,757953,60656,776,759,0.5147825788670274,0.8719788694021925,0.02539735313403337,0.05494931743788862,0.01213795578353803,3.074069236483001e-4,0.0067471202040232,0.02848197711467597,0.23398280860175957,0.03707564417239881,0.0619617587345838,0.15866993929476886,0.1364685918608527,0.2173227073927053,0.05767501994889044,0.0115511651162086,0.00904417037867539,0.10722655956400946,0.629556278313393,0.27226739458706006,Republican,FALSE
Ohio,2016,11614373,52334,759,903,0.49004797762221,0.8159046553782973,0.12428651981471578,0.00155677796812621,0.0205801036353835,3.4706996236473546e-4,0.00939120863433609,0.02793366460677645,0.294497858574934,0.0386260595569764,0.06695883811043617,0.1388624753078776,0.08615270697865114,0.17195083451137275,0.07552592690210287,0.01646743189682583,0.01119645506390319,0.14577155538285563,0.5168765067578619,0.4355807627672002,Republican,TRUE
Oklahoma,2016,3923561,49176,744,757,0.4952829840035621,0.7242061484452517,0.07324290357662337,0.07593815923850808,0.02019746857510307,0.00156566955375486,0.02746943401670064,0.0773802165940583,0.26220234901051315,0.0498670884993055,0.0725398151215802,0.1622624663832673,0.079167502710336915,0.16834497572751353,0.06112179173102258,0.01374844651420341,0.00902304991841769,0.16285293000450723,0.6532286481962736,0.2893168028454389,Republican,TRUE
Oregon,2016,4093465,57532,1015,1199,0.4949445030066215,0.8442261018477012,0.01943952128575668,0.01109720004934694,0.04139744690622736,0.00362113759370117,0.02950532128648956,0.05071327103077711,0.184314852033904,0.04518270425815409,0.08241705948875279,0.1784452643011499,0.0855560205349845,0.2003210690732385,0.08676597787506578,0.02314734467198889,0.01675850399166956,0.1334852060988119,0.39094035184496756,0.5007185200286208,Democrat,TRUE
Pennsylvania,2016,12784227,56907,881,975,0.4898903938423496,0.8088777678932015,0.11006117147325371,0.00184258305175588,0.03310172762107556,2.672824880221542e-4,0.02052497972697136,0.02532448774571978,0.31245066254949155,0.03864245304430913,0.05389580221867916,0.1065205854084998,0.0818447709167533,0.187959616564718,0.0857804465939436,0.01968543960277853,0.01454857248535217,0.1287202496455442,0.4857788580374602,0.4785361616456285,Republican,TRUE
Rhode Island,2016,1056426,60596,948,1406,0.4840452620439103,0.8046990513296719,0.0639192901348509,0.00502070187594777,0.03490542640942196,0.00136024671865327,0.05896484940734135,0.03113043412411281,0.22857318011838512,0.04940024112963102,0.05760001089851439,0.126815113514839,0.08198816148873707,0.20597511051774756,0.0959546076875396,0.02317977780653774,0.01583009216056236,0.12789942237954427,0.3889805749939674,0.5440660657037472,Democrat,TRUE
South Carolina,2016,4961119,49501,841,806,0.4848388035038063,0.6737496117307405,0.26962546151382377,0.00322709453250365,0.01549448823944759,5.162141847434016e-4,0.0155984970326251,0.02178863276611587,0.24639601992164029,0.04331209664757844,0.06108793451687425,0.14936006629529028,0.0937144014005116,0.17444007276427514,0.07147785612174913,0.01564508646364914,0.010685039528094629,0.15267552467949363,0.5493933268569543,0.4067341978966509,Republican,TRUE
South Dakota,2016,865454,54467,706,834,0.5033982164274473,0.846883832069642,0.01678194334996429,0.089407409290384,0.01496671111347339,2.518909150572994e-4,0.00681029840985193,0.02489791485162701,0.24697204776866336,0.04267583681749586,0.06455625965286785,0.15389277850622202,0.11502684248286782,0.196153343205618,0.06331397752936062,0.01621151664445991,0.01282218931460662,0.13252485393387253,0.615307503789588,0.3173742815994899,Republican,FALSE
Tennessee,2016,6651194,48547,806,809,0.48819174421915823,0.7784283543676519,0.16755397602295166,0.00286459844653456,0.01749685845879702,7.213742374677388e-4,0.01190853852706747,0.02102629993952965,0.26494909213160106,0.05885759801095512,0.06449419707289145,0.14744661046413257,0.07258242294682053,0.16700285695478748,0.06708432014681046,0.01620980571205412,0.01098052261023264,0.15767790943240842,0.6072203369421462,0.34716332798650096,Republican,TRUE
Texas,2016,27862596,56565,956,1014,0.4963985767873173,0.7430287185013198,0.1206737161174788,0.00485507524137377,0.04666830039813949,9.054432688181676e-4,0.05821736782889864,0.02565137864397129,0.20822940623157551,0.04350845668816468,0.06038087726325548,0.15729783159533914,0.07086099346958248,0.1891772168989743,0.07207031337902975,0.01660159502410088,0.01107386212762893,0.15645717761309727,0.5223468557933538,0.4323525798101196,Republican,TRUE
Utah,2016,3051217,65977,954,1176,0.5041086884348114,0.8630271134435866,0.01074980901063411,0.01038995259924154,0.02299082628341412,0.00965614703903393,0.05400304206485477,0.02918310955923489,0.1986845322345119,0.02820814201533833,0.0813719266684761,0.18337479335413437,0.0999263140658261,0.2137284634071389,0.07864823882766464,0.01882468131113857,0.01457287953863857,0.10215941424989716,0.4554081658810042,0.2746126859226901,Republican,FALSE
Vermont,2016,624594,57677,925,1162,0.4929185999225096,0.943619375146095,0.01263700900104708,0.00348546415751672,0.01505938257492066,4.034620889729969e-4,0.00506408963262535,0.01973121739882227,0.25506241426143694,0.03788080434431469,0.05116217698031908,0.1214456175792776,0.09213468831544055,0.21128029429228576,0.10617590652534448,0.02797551204264235,0.01823629377358877,0.11886641214377489,0.29759382401308093,0.5572274212321393,Democrat,TRUE
Virginia,2016,8411808,68114,1159,1262,0.49162855357611585,0.6784552143843512,0.19043088002008604,0.00275279702056918,0.06328247149720964,9.96099768325668e-4,0.02717929367860036,0.03690324363085796,0.20053754710790953,0.03941953861559508,0.06071254968168241,0.13446927754151117,0.07667466094802587,0.2170448262969849,0.12151861165533712,0.02491307289606519,0.01733438230237051,0.10988152960914,0.44427647013924043,0.49751352833417695,Democrat,TRUE
Washington,2016,7288000,67106,1135,1353,0.49941355653128433,0.7569431942919869,0.03663240944017563,0.01298531833150384,0.08194497804610318,0.00661114160263446,0.04805858946212953,0.05682436882546652,0.1835358562049252,0.0389746535362865,0.07493002678845724,0.16098691998787165,0.09835776850249822,0.2198532789091684,0.09452873029517338,0.02182763924343873,0.01517445519963254,0.11258476090877054,0.3683268018663746,0.5253868006182659,Democrat,TRUE
West Virginia,2016,1831102,43385,682,527,0.49200590682550727,0.930693647868879,0.03807597829066868,0.00210310512467355,0.00771830296728418,2.2063216576684425e-4,0.00409261745113052,0.01709571613159725,0.32724498493137644,0.06929089604314125,0.05792265882824711,0.12297591574885988,0.07415791050483954,0.12559870006510512,0.06100373367436754,0.0128901952921486,0.00856275599822567,0.17925703360658546,0.6863057481161936,0.26476928017771517,Republican,TRUE
Wisconsin,2016,5778709,56811,802,1018,0.4971561987288165,0.8551543259921897,0.06258370165377769,0.00910376348765788,0.0268662083520731,2.654572154437955e-4,0.02174257260574983,0.02428397069310809,0.2753601338713339,0.0354724967069879,0.06935295776173313,0.13718735452844144,0.1068845245337982,0.1928399582135133,0.07335669098618498,0.01762832450578123,0.01113509701324247,0.1175370631768488,0.4721818456731012,0.4645384137224266,Republican,TRUE
Wyoming,2016,585501,59882,840,904,0.5093159533459379,0.9202699909991614,0.01019639590709495,0.02253454733638371,0.01026812934563732,7.173343854237653e-4,0.00987530337266716,0.02613829865363167,0.23849905576851232,0.05481148635854184,0.07709176701791737,0.17357994237373142,0.11668807607076874,0.17360809019585766,0.06670522065333655,0.0167633075226334,0.01395364309585101,0.11321167640400652,0.6739841105460841,0.2162890087639303,Republican,FALSE
